{
   "0": {
      "config": {
         "bits": 100,
         "population": 60,
         "generations": 60,
         "mutationRate": 0.016,
         "iterations": 6,
         "criteria": {
            "KEEP_FITTEST": true,
            "MUTATE_FITTEST": true,
            "MAKE_FITTEST_A_FRACTION_OF_POPULATION": true,
            "ENSURE_UNIQUE": false,
            "FITTEST_FRACTION": 0.1,
            "k": 6
         }
      },
      "results": {
         "0": {
            "best": 1048195192791084533073588342641,
            "bestFitness": 62.0,
            "meanFitness": 49.77222222222222,
            "std": 5.248975108107024
         },
         "1": {
            "best": 514396948974886434854278265726,
            "bestFitness": 62.5,
            "meanFitness": 50.60655737704917,
            "std": 5.901403544949988
         },
         "2": {
            "best": 514474320227418332315124759402,
            "bestFitness": 63.166666666666664,
            "meanFitness": 51.502688172043015,
            "std": 6.256919074809578
         },
         "3": {
            "best": 1207889457858898658904252436465,
            "bestFitness": 65.0,
            "meanFitness": 54.957671957671955,
            "std": 5.911701330830586
         },
         "4": {
            "best": 593625187046726270249995336574,
            "bestFitness": 66.33333333333333,
            "meanFitness": 55.1796875,
            "std": 5.889497422243541
         },
         "5": {
            "best": 1207889458449194751287690612721,
            "bestFitness": 67.66666666666667,
            "meanFitness": 55.72564102564102,
            "std": 6.5533019500846414
         },
         "6": {
            "best": 1207889458453950552494059638773,
            "bestFitness": 68.83333333333333,
            "meanFitness": 58.33080808080808,
            "std": 6.693771465458975
         },
         "7": {
            "best": 1207889458453950552494059638775,
            "bestFitness": 69.83333333333333,
            "meanFitness": 61.95273631840795,
            "std": 5.298992213746505
         },
         "8": {
            "best": 1207889458453950552494059638775,
            "bestFitness": 70.66666666666667,
            "meanFitness": 62.83823529411765,
            "std": 4.932866393019576
         },
         "9": {
            "best": 1207889458472397296567769190391,
            "bestFitness": 71.5,
            "meanFitness": 64.03864734299516,
            "std": 4.66786708110776
         },
         "10": {
            "best": 1208198943408431665341789982711,
            "bestFitness": 72.66666666666667,
            "meanFitness": 65.59523809523809,
            "std": 4.609615220267661
         },
         "11": {
            "best": 1208198943408434057879092023287,
            "bestFitness": 73.66666666666667,
            "meanFitness": 66.16431924882629,
            "std": 3.164071123447376
         },
         "12": {
            "best": 1208198943408434057879092023287,
            "bestFitness": 74.5,
            "meanFitness": 66.44675925925927,
            "std": 3.607036232366415
         },
         "13": {
            "best": 1208198943408434057879092023287,
            "bestFitness": 75.0,
            "meanFitness": 67.36301369863014,
            "std": 3.815918614352226
         },
         "14": {
            "best": 1208198943409586979383698870263,
            "bestFitness": 75.83333333333333,
            "meanFitness": 67.29504504504503,
            "std": 4.203180655389197
         },
         "15": {
            "best": 316324502921911461716351254526,
            "bestFitness": 76.66666666666667,
            "meanFitness": 67.88888888888889,
            "std": 4.493775417774867
         },
         "16": {
            "best": 316324502921911461716384808958,
            "bestFitness": 77.5,
            "meanFitness": 68.92543859649122,
            "std": 4.285484110296893
         },
         "17": {
            "best": 316324502921911461716384808958,
            "bestFitness": 78.16666666666667,
            "meanFitness": 69.58008658008659,
            "std": 4.708805214735691
         },
         "18": {
            "best": 316324502921912587616291651582,
            "bestFitness": 78.5,
            "meanFitness": 69.93162393162393,
            "std": 4.404478642972427
         },
         "19": {
            "best": 316324502923065509120898498558,
            "bestFitness": 79.0,
            "meanFitness": 69.68776371308017,
            "std": 4.583455460694618
         },
         "20": {
            "best": 316326920774704738379247910910,
            "bestFitness": 79.66666666666667,
            "meanFitness": 70.32708333333333,
            "std": 5.267568808473641
         },
         "21": {
            "best": 316326920774704738379247910910,
            "bestFitness": 80.33333333333333,
            "meanFitness": 70.97325102880659,
            "std": 4.696855104069739
         },
         "22": {
            "best": 316326925497071221248893124606,
            "bestFitness": 81.16666666666667,
            "meanFitness": 70.84146341463413,
            "std": 5.0699225144426014
         },
         "23": {
            "best": 316326925497071221248893124606,
            "bestFitness": 81.5,
            "meanFitness": 71.1566265060241,
            "std": 5.627299094027641
         },
         "24": {
            "best": 1267629736775629108317121409015,
            "bestFitness": 82.5,
            "meanFitness": 72.14087301587301,
            "std": 6.482102992623406
         },
         "25": {
            "best": 1267629736775629108317121409015,
            "bestFitness": 83.33333333333333,
            "meanFitness": 73.28823529411765,
            "std": 6.4934534324674
         },
         "26": {
            "best": 1267630945701448722946296115191,
            "bestFitness": 84.5,
            "meanFitness": 74.00968992248062,
            "std": 6.258208824494922
         },
         "27": {
            "best": 1267630945701448722946296115191,
            "bestFitness": 85.0,
            "meanFitness": 74.50383141762451,
            "std": 6.407992452974251
         },
         "28": {
            "best": 1267631247932903626603589791735,
            "bestFitness": 85.66666666666667,
            "meanFitness": 75.99621212121212,
            "std": 5.304439752697344
         },
         "29": {
            "best": 1262621468518800820569974505462,
            "bestFitness": 86.33333333333333,
            "meanFitness": 76.25842696629213,
            "std": 5.638282300111679
         },
         "30": {
            "best": 1262621468518800820569974505462,
            "bestFitness": 86.66666666666667,
            "meanFitness": 76.25925925925925,
            "std": 5.698560915412288
         },
         "31": {
            "best": 1267631247932903626603589791743,
            "bestFitness": 87.16666666666667,
            "meanFitness": 76.37362637362638,
            "std": 4.843556878573161
         },
         "32": {
            "best": 1267631247933480087355893215231,
            "bestFitness": 87.66666666666667,
            "meanFitness": 77.71739130434783,
            "std": 5.531018314449727
         },
         "33": {
            "best": 1262621468523412506588401893374,
            "bestFitness": 88.33333333333333,
            "meanFitness": 77.03584229390681,
            "std": 5.8901265549094335
         },
         "34": {
            "best": 1262621468523412506589475635198,
            "bestFitness": 88.83333333333333,
            "meanFitness": 79.52659574468085,
            "std": 6.433237178000996
         },
         "35": {
            "best": 1262621468523412506589475635198,
            "bestFitness": 89.5,
            "meanFitness": 80.10877192982456,
            "std": 5.482312502783546
         },
         "36": {
            "best": 1228017176157983380744597139455,
            "bestFitness": 90.33333333333333,
            "meanFitness": 80.53645833333333,